1,Abra,Bangued,
2,Abra,Boliney,
3,Abra,Bucay,
4,Abra,Bucloc,
5,Abra,Daguioman,
6,Abra,Danglas,
7,Abra,Dolores,
8,Abra,La Paz,
9,Abra,Lacub,
10,Abra,Lagangilang,
11,Abra,Lagayan,
12,Abra,Langiden,
13,Abra,Licuan-Baay,
14,Abra,Luba,
15,Abra,Malibcong,
16,Abra,Manabo,
17,Abra,Peñarrubia,
18,Abra,Pidigan,
19,Abra,Pilar,
20,Abra,Sallapadan,
21,Abra,San Isidro,
22,Abra,San Juan,
23,Abra,San Quintin,
24,Abra,Tayum,
25,Abra,Tineg,
26,Abra,Tubo,
27,Abra,Villaviciosa,
28,Agusan del Norte,Buenavista,
29,Agusan del Norte,Butuan,
30,Agusan del Norte,Cabadbaran,
31,Agusan del Norte,Carmen,
32,Agusan del Norte,Jabonga,
33,Agusan del Norte,Kitcharao,
34,Agusan del Norte,Las Nieves,
35,Agusan del Norte,Magallanes,
36,Agusan del Norte,Nasipit,
37,Agusan del Norte,Remedios T. Romualdez,
38,Agusan del Norte,Santiago,
39,Agusan del Norte,Tubay,
40,Agusan del Sur,Bayugan,
41,Agusan del Sur,Bunawan,
42,Agusan del Sur,Esperanza,
43,Agusan del Sur,La Paz,
44,Agusan del Sur,Loreto,
45,Agusan del Sur,Prosperidad,
46,Agusan del Sur,Rosario,
47,Agusan del Sur,San Francisco,
48,Agusan del Sur,San Luis,
49,Agusan del Sur,Santa Josefa,
50,Agusan del Sur,Sibagat,
51,Agusan del Sur,Talacogon,
52,Agusan del Sur,Trento,
53,Agusan del Sur,Veruela,
54,Aklan,Altavas,
55,Aklan,Balete,
56,Aklan,Banga,
57,Aklan,Batan,
58,Aklan,Buruanga,
59,Aklan,Ibajay,
60,Aklan,Kalibo,
61,Aklan,Lezo,
62,Aklan,Libacao,
63,Aklan,Madalag,
64,Aklan,Makato,
65,Aklan,Malay,
66,Aklan,Malinao,
67,Aklan,Nabas,
68,Aklan,New Washington,
69,Aklan,Numancia,
70,Aklan,Tangalan,
71,Albay,Bacacay,
72,Albay,Camalig,
73,Albay,Daraga,
74,Albay,Guinobatan,
75,Albay,Jovellar,
76,Albay,Legazpi,
77,Albay,Libon,
78,Albay,Ligao,
79,Albay,Malilipot,
80,Albay,Malinao,
81,Albay,Manito,
82,Albay,Oas,
83,Albay,Pio Duran,
84,Albay,Polangui,
85,Albay,Rapu-Rapu,
86,Albay,Santo Domingo,
87,Albay,Tabaco,
88,Albay,Tiwi,
89,Antique,Anini-y,
90,Antique,Barbaza,
91,Antique,Belison,
92,Antique,Bugasong,
93,Antique,Caluya,
94,Antique,Culasi,
95,Antique,Hamtic,
96,Antique,Laua-an,
97,Antique,Libertad,
98,Antique,Pandan,
99,Antique,Patnongon,
100,Antique,San Jose de Buenavista,
101,Antique,San Remigio,
102,Antique,Sebaste,
103,Antique,Sibalom,
104,Antique,Tibiao,
105,Antique,Tobias Fornier,
106,Antique,Valderrama,
107,Apayao,Calanasan,
108,Apayao,Conner,
109,Apayao,Flora,
110,Apayao,Kabugao,
111,Apayao,Luna,
112,Apayao,Pudtol,
113,Apayao,Santa Marcela,
114,Aurora,Baler,
115,Aurora,Casiguran,
116,Aurora,Dilasag,
117,Aurora,Dinalungan,
118,Aurora,Dingalan,
119,Aurora,Dipaculao,
120,Aurora,Maria Aurora,
121,Aurora,San Luis,
122,Basilan,Akbar,
123,Basilan,Al-Barka,
124,Basilan,Hadji Mohammad Ajul,
125,Basilan,Hadji Muhtamad,
126,Basilan,Isabela,
127,Basilan,Lamitan,
128,Basilan,Lantawan,
129,Basilan,Maluso,
130,Basilan,Sumisip,
131,Basilan,Tabuan-Lasa,
132,Basilan,Tipo-Tipo,
133,Basilan,Tuburan,
134,Basilan,Ungkaya Pukan,
135,Bataan,Abucay,
136,Bataan,Bagac,
137,Bataan,Balanga,
138,Bataan,Dinalupihan,
139,Bataan,Hermosa,
140,Bataan,Limay,
141,Bataan,Mariveles,
142,Bataan,Morong,
143,Bataan,Orani,
144,Bataan,Orion,
145,Bataan,Pilar,
146,Bataan,Samal,
147,Batanes,Basco,
148,Batanes,Itbayat,
149,Batanes,Ivana,
150,Batanes,Mahatao,
151,Batanes,Sabtang,
152,Batanes,Uyugan,
153,Batangas,Agoncillo,
154,Batangas,Alitagtag,
155,Batangas,Balayan,
156,Batangas,Balete,
157,Batangas,Batangas City,
158,Batangas,Bauan,
159,Batangas,Calaca,
160,Batangas,Calatagan,
161,Batangas,Cuenca,
162,Batangas,Ibaan,
163,Batangas,Laurel,
164,Batangas,Lemery,
165,Batangas,Lian,
166,Batangas,Lipa,
167,Batangas,Lobo,
168,Batangas,Mabini,
169,Batangas,Malvar,
170,Batangas,Mataasnakahoy,
171,Batangas,Nasugbu,
172,Batangas,Padre Garcia,
173,Batangas,Rosario,
174,Batangas,San Jose,
175,Batangas,San Juan,
176,Batangas,San Luis,
177,Batangas,San Nicolas,
178,Batangas,San Pascual,
179,Batangas,Santa Teresita,
180,Batangas,Santo Tomas,
181,Batangas,Taal,
182,Batangas,Talisay,
183,Batangas,Tanauan,
184,Batangas,Taysan,
185,Batangas,Tingloy,
186,Batangas,Tuy,
187,Benguet,Atok,
188,Benguet,Baguio,
189,Benguet,Bakun,
190,Benguet,Bokod,
191,Benguet,Buguias,
192,Benguet,Itogon,
193,Benguet,Kabayan,
194,Benguet,Kapangan,
195,Benguet,Kibungan,
196,Benguet,La Trinidad,
197,Benguet,Mankayan,
198,Benguet,Sablan,
199,Benguet,Tuba,
200,Benguet,Tublay,
201,Biliran,Almeria,
202,Biliran,Biliran,
203,Biliran,Cabucgayan,
204,Biliran,Caibiran,
205,Biliran,Culaba,
206,Biliran,Kawayan,
207,Biliran,Maripipi,
208,Biliran,Naval,
209,Bohol,Alburquerque,
210,Bohol,Alicia,
211,Bohol,Anda,
212,Bohol,Antequera,
213,Bohol,Baclayon,
214,Bohol,Balilihan,
215,Bohol,Batuan,
216,Bohol,Bien Unido,
217,Bohol,Bilar,
218,Bohol,Buenavista,
219,Bohol,Calape,
220,Bohol,Candijay,
221,Bohol,Carmen,
222,Bohol,Catigbian,
223,Bohol,Clarin,
224,Bohol,Corella,
225,Bohol,Cortes,
226,Bohol,Dagohoy,
227,Bohol,Danao,
228,Bohol,Dauis,
229,Bohol,Dimiao,
230,Bohol,Duero,
231,Bohol,Garcia Hernandez,
232,Bohol,Getafe,
233,Bohol,Guindulman,
234,Bohol,Inabanga,
235,Bohol,Jagna,
236,Bohol,Lila,
237,Bohol,Loay,
238,Bohol,Loboc,
239,Bohol,Loon,
240,Bohol,Mabini,
241,Bohol,Maribojoc,
242,Bohol,Panglao,
243,Bohol,Pilar,
244,Bohol,President Carlos P. Garcia,
245,Bohol,Sagbayan,
246,Bohol,San Isidro,
247,Bohol,San Miguel,
248,Bohol,Sevilla,
249,Bohol,Sierra Bullones,
250,Bohol,Sikatuna,
251,Bohol,Tagbilaran,
252,Bohol,Talibon,
253,Bohol,Trinidad,
254,Bohol,Tubigon,
255,Bohol,Ubay,
256,Bohol,Valencia,
257,Bukidnon,Baungon,
258,Bukidnon,Cabanglasan,
259,Bukidnon,Damulog,
260,Bukidnon,Dangcagan,
261,Bukidnon,Don Carlos,
262,Bukidnon,Impasugong,
263,Bukidnon,Kadingilan,
264,Bukidnon,Kalilangan,
265,Bukidnon,Kibawe,
266,Bukidnon,Kitaotao,
267,Bukidnon,Lantapan,
268,Bukidnon,Libona,
269,Bukidnon,Malaybalay,
270,Bukidnon,Malitbog,
271,Bukidnon,Manolo Fortich,
272,Bukidnon,Maramag,
273,Bukidnon,Pangantucan,
274,Bukidnon,Quezon,
275,Bukidnon,San Fernando,
276,Bukidnon,Sumilao,
277,Bukidnon,Talakag,
278,Bukidnon,Valencia,
279,Bulacan,Angat,
280,Bulacan,Balagtas,
281,Bulacan,Baliuag,
282,Bulacan,Bocaue,
283,Bulacan,Bulakan,
284,Bulacan,Bustos,
285,Bulacan,Calumpit,
286,Bulacan,Doña Remedios Trinidad,
287,Bulacan,Guiguinto,
288,Bulacan,Hagonoy,
289,Bulacan,Malolos,
290,Bulacan,Marilao,
291,Bulacan,Meycauayan,
292,Bulacan,Norzagaray,
293,Bulacan,Obando,
294,Bulacan,Pandi,
295,Bulacan,Paombong,
296,Bulacan,Plaridel,
297,Bulacan,Pulilan,
298,Bulacan,San Ildefonso,
299,Bulacan,San Jose del Monte,
300,Bulacan,San Miguel,
301,Bulacan,San Rafael,
302,Bulacan,Santa Maria,
303,Cagayan,Abulug,
304,Cagayan,Alcala,
305,Cagayan,Allacapan,
306,Cagayan,Amulung,
307,Cagayan,Aparri,
308,Cagayan,Baggao,
309,Cagayan,Ballesteros,
310,Cagayan,Buguey,
311,Cagayan,Calayan,
312,Cagayan,Camalaniugan,
313,Cagayan,Claveria,
314,Cagayan,Enrile,
315,Cagayan,Gattaran,
316,Cagayan,Gonzaga,
317,Cagayan,Iguig,
318,Cagayan,Lal-lo,
319,Cagayan,Lasam,
320,Cagayan,Pamplona,
321,Cagayan,Peñablanca,
322,Cagayan,Piat,
323,Cagayan,Rizal,
324,Cagayan,Sanchez-Mira,
325,Cagayan,Santa Ana,
326,Cagayan,Santa Praxedes,
327,Cagayan,Santa Teresita,
328,Cagayan,Santo Niño,
329,Cagayan,Solana,
330,Cagayan,Tuao,
331,Cagayan,Tuguegarao,
332,Camarines Norte,Basud,
333,Camarines Norte,Capalonga,
334,Camarines Norte,Daet,
335,Camarines Norte,Jose Panganiban,
336,Camarines Norte,Labo,
337,Camarines Norte,Mercedes,
338,Camarines Norte,Paracale,
339,Camarines Norte,San Lorenzo Ruiz,
340,Camarines Norte,San Vicente,
341,Camarines Norte,Santa Elena,
342,Camarines Norte,Talisay,
343,Camarines Norte,Vinzons,
344,Camarines Sur,Baao,
345,Camarines Sur,Balatan,
346,Camarines Sur,Bato,
347,Camarines Sur,Bombon,
348,Camarines Sur,Buhi,
349,Camarines Sur,Bula,
350,Camarines Sur,Cabusao,
351,Camarines Sur,Calabanga,
352,Camarines Sur,Camaligan,
353,Camarines Sur,Canaman,
354,Camarines Sur,Caramoan,
355,Camarines Sur,Del Gallego,
356,Camarines Sur,Gainza,
357,Camarines Sur,Garchitorena,
358,Camarines Sur,Goa,
359,Camarines Sur,Iriga,
360,Camarines Sur,Lagonoy,
361,Camarines Sur,Libmanan,
362,Camarines Sur,Lupi,
363,Camarines Sur,Magarao,
364,Camarines Sur,Milaor,
365,Camarines Sur,Minalabac,
366,Camarines Sur,Nabua,
367,Camarines Sur,Naga,
368,Camarines Sur,Ocampo,
369,Camarines Sur,Pamplona,
370,Camarines Sur,Pasacao,
371,Camarines Sur,Pili,
372,Camarines Sur,Presentacion,
373,Camarines Sur,Ragay,
374,Camarines Sur,Sagñay,
375,Camarines Sur,San Fernando,
376,Camarines Sur,San Jose,
377,Camarines Sur,Sipocot,
378,Camarines Sur,Siruma,
379,Camarines Sur,Tigaon,
380,Camarines Sur,Tinambac,
381,Camiguin,Catarman,
382,Camiguin,Guinsiliban,
383,Camiguin,Mahinog,
384,Camiguin,Mambajao,
385,Camiguin,Sagay,
386,Capiz,Cuartero,
387,Capiz,Dao,
388,Capiz,Dumalag,
389,Capiz,Dumarao,
390,Capiz,Ivisan,
391,Capiz,Jamindan,
392,Capiz,Ma-ayon,
393,Capiz,Mambusao,
394,Capiz,Panay,
395,Capiz,Panitan,
396,Capiz,Pilar,
397,Capiz,Pontevedra,
398,Capiz,President Roxas,
399,Capiz,Roxas,
400,Capiz,Sapian,
401,Capiz,Sigma,
402,Capiz,Tapaz,
403,Catanduanes,Bagamanoc,
404,Catanduanes,Baras,
405,Catanduanes,Bato,
406,Catanduanes,Caramoran,
407,Catanduanes,Gigmoto,
408,Catanduanes,Pandan,
409,Catanduanes,Panganiban,
410,Catanduanes,San Andres,
411,Catanduanes,San Miguel,
412,Catanduanes,Viga,
413,Catanduanes,Virac,
414,Cavite,Alfonso,
415,Cavite,Amadeo,
416,Cavite,Bacoor,
417,Cavite,Carmona,
418,Cavite,Cavite City,
419,Cavite,Dasmariñas,
420,Cavite,General Emilio Aguinaldo,
421,Cavite,General Mariano Alvarez,
422,Cavite,General Trias,
423,Cavite,Imus,
424,Cavite,Indang,
425,Cavite,Kawit,
426,Cavite,Magallanes,
427,Cavite,Maragondon,
428,Cavite,Mendez,
429,Cavite,Naic,
430,Cavite,Noveleta,
431,Cavite,Rosario,
432,Cavite,Silang,
433,Cavite,Tagaytay,
434,Cavite,Tanza,
435,Cavite,Ternate,
436,Cavite,Trece Martires,
437,Cebu,Alcantara,
438,Cebu,Alcoy,
439,Cebu,Alegria,
440,Cebu,Aloguinsan,
441,Cebu,Argao,
442,Cebu,Asturias,
443,Cebu,Badian,
444,Cebu,Balamban,
445,Cebu,Bantayan,
446,Cebu,Barili,
447,Cebu,Bogo,
448,Cebu,Boljoon,
449,Cebu,Borbon,
450,Cebu,Carcar,
451,Cebu,Carmen,
452,Cebu,Catmon,
453,Cebu,Cebu City,
454,Cebu,Compostela,
455,Cebu,Consolacion,
456,Cebu,Cordova,
457,Cebu,Daanbantayan,
458,Cebu,Dalaguete,
459,Cebu,Danao,
460,Cebu,Dumanjug,
461,Cebu,Ginatilan,
462,Cebu,Lapu-Lapu,
463,Cebu,Liloan,
464,Cebu,Madridejos,
465,Cebu,Malabuyoc,
466,Cebu,Mandaue,
467,Cebu,Medellin,
468,Cebu,Minglanilla,
469,Cebu,Moalboal,
470,Cebu,Naga,
471,Cebu,Oslob,
472,Cebu,Pilar,
473,Cebu,Pinamungajan,
474,Cebu,Poro,
475,Cebu,Ronda,
476,Cebu,Samboan,
477,Cebu,San Fernando,
478,Cebu,San Francisco,
479,Cebu,San Remigio,
480,Cebu,Santa Fe,
481,Cebu,Santander,
482,Cebu,Sibonga,
483,Cebu,Sogod,
484,Cebu,Tabogon,
485,Cebu,Tabuelan,
486,Cebu,Talisay,
487,Cebu,Toledo,
488,Cebu,Tuburan,
489,Cebu,Tudela,
490,Cotabato,Alamada,
491,Cotabato,Aleosan,
492,Cotabato,Antipas,
493,Cotabato,Arakan,
494,Cotabato,Banisilan,
495,Cotabato,Carmen,
496,Cotabato,Kabacan,
497,Cotabato,Kidapawan,
498,Cotabato,Libungan,
499,Cotabato,M'lang,
500,Cotabato,Magpet,
501,Cotabato,Makilala,
502,Cotabato,Matalam,
503,Cotabato,Midsayap,
504,Cotabato,Pigcawayan,
505,Cotabato,Pikit,
506,Cotabato,President Roxas,
507,Cotabato,Tulunan,
508,Davao de Oro,Compostela,
509,Davao de Oro,Laak,
510,Davao de Oro,Mabini,
511,Davao de Oro,Maco,
512,Davao de Oro,Maragusan,
513,Davao de Oro,Mawab,
514,Davao de Oro,Monkayo,
515,Davao de Oro,Montevista,
516,Davao de Oro,Nabunturan,
517,Davao de Oro,New Bataan,
518,Davao de Oro,Pantukan,
519,Davao del Norte,Asuncion,
520,Davao del Norte,Braulio E. Dujali,
521,Davao del Norte,Carmen,
522,Davao del Norte,Kapalong,
523,Davao del Norte,New Corella,
524,Davao del Norte,Panabo,
525,Davao del Norte,Samal,
526,Davao del Norte,San Isidro,
527,Davao del Norte,Santo Tomas,
528,Davao del Norte,Tagum,
529,Davao del Norte,Talaingod,
530,Davao del Sur,Bansalan,
531,Davao del Sur,Davao City,
532,Davao del Sur,Digos,
533,Davao del Sur,Hagonoy,
534,Davao del Sur,Kiblawan,
535,Davao del Sur,Magsaysay,
536,Davao del Sur,Malalag,
537,Davao del Sur,Matanao,
538,Davao del Sur,Padada,
539,Davao del Sur,Santa Cruz,
540,Davao del Sur,Sulop,
541,Davao Occidental,Don Marcelino,
542,Davao Occidental,Jose Abad Santos,
543,Davao Occidental,Malita,
544,Davao Occidental,Santa Maria,
545,Davao Occidental,Sarangani,
546,Davao Oriental,Baganga,Baculin
547,Davao Oriental,Baganga,Banao
548,Davao Oriental,Baganga,Batawan
549,Davao Oriental,Baganga,Batiano
550,Davao Oriental,Baganga,Binondo
551,Davao Oriental,Baganga,Bobonao
552,Davao Oriental,Baganga,Campawan
553,Davao Oriental,Baganga,Central
554,Davao Oriental,Baganga,Dapnan
555,Davao Oriental,Baganga,Kinablangan
556,Davao Oriental,Baganga,Lambajon
557,Davao Oriental,Baganga,Lucod
558,Davao Oriental,Baganga,Mahanub
559,Davao Oriental,Baganga,Mikit
560,Davao Oriental,Baganga,Salingcomot
561,Davao Oriental,Baganga,San Isidro
562,Davao Oriental,Baganga,San Victor
563,Davao Oriental,Baganga,Saoquegue
564,Davao Oriental,Banaybanay,Cabangcalan
565,Davao Oriental,Banaybanay,Caganganan
566,Davao Oriental,Banaybanay,Calubihan
567,Davao Oriental,Banaybanay,Causwagan
568,Davao Oriental,Banaybanay,Mahayag
569,Davao Oriental,Banaybanay,Maputi
570,Davao Oriental,Banaybanay,Mogbongcogon
571,Davao Oriental,Banaybanay,Panikian
572,Davao Oriental,Banaybanay,Pintatagan
573,Davao Oriental,Banaybanay,Piso Proper
574,Davao Oriental,Banaybanay,Poblacion
575,Davao Oriental,Banaybanay,Punta Linao
576,Davao Oriental,Banaybanay,Rang-ay
577,Davao Oriental,Banaybanay,San Vicente
578,Davao Oriental,Boston,Caatihan
579,Davao Oriental,Boston,Cabasagan
580,Davao Oriental,Boston,Carmen
581,Davao Oriental,Boston,Cawayanan
582,Davao Oriental,Boston,Poblacion
583,Davao Oriental,Boston,San Jose
584,Davao Oriental,Boston,Sibajay
585,Davao Oriental,Boston,Simulao
586,Davao Oriental,Caraga,Alvar
587,Davao Oriental,Caraga,Caningag
588,Davao Oriental,Caraga,Don Leon Balante
589,Davao Oriental,Caraga,Lamiawan
590,Davao Oriental,Caraga,Manorigao
591,Davao Oriental,Caraga,Mercedes
592,Davao Oriental,Caraga,Palma Gil
593,Davao Oriental,Caraga,Pichon
594,Davao Oriental,Caraga,Poblacion
595,Davao Oriental,Caraga,San Antonio
596,Davao Oriental,Caraga,San Jose
597,Davao Oriental,Caraga,San Luis
598,Davao Oriental,Caraga,San Miguel
599,Davao Oriental,Caraga,San Pedro
600,Davao Oriental,Caraga,Santa Fe
601,Davao Oriental,Caraga,Santiago
602,Davao Oriental,Caraga,Sobrecarey
603,Davao Oriental,Cateel,Abijod
604,Davao Oriental,Cateel,Alegria
605,Davao Oriental,Cateel,Aliwagwag
606,Davao Oriental,Cateel,Aragon
607,Davao Oriental,Cateel,Baybay
608,Davao Oriental,Cateel,Maglahus
609,Davao Oriental,Cateel,Mainit
610,Davao Oriental,Cateel,Malibago
611,Davao Oriental,Cateel,Poblacion
612,Davao Oriental,Cateel,San Alfonso
613,Davao Oriental,Cateel,San Antonio
614,Davao Oriental,Cateel,San Miguel
615,Davao Oriental,Cateel,San Rafael
616,Davao Oriental,Cateel,San Vicente
617,Davao Oriental,Cateel,Santa Filomena
618,Davao Oriental,Cateel,Taytayan
619,Davao Oriental,Governor Generoso,Anitap
620,Davao Oriental,Governor Generoso,Crispin Dela Cruz
621,Davao Oriental,Governor Generoso,Don Aurelio Chicote
622,Davao Oriental,Governor Generoso,Lavigan
623,Davao Oriental,Governor Generoso,Luzon
624,Davao Oriental,Governor Generoso,Magdug
625,Davao Oriental,Governor Generoso,Manuel Roxas
626,Davao Oriental,Governor Generoso,Monserrat
627,Davao Oriental,Governor Generoso,Nangan
628,Davao Oriental,Governor Generoso,Oregon
629,Davao Oriental,Governor Generoso,Poblacion
630,Davao Oriental,Governor Generoso,Pundaguitan
631,Davao Oriental,Governor Generoso,Sergio Osmeña
632,Davao Oriental,Governor Generoso,Surop
633,Davao Oriental,Governor Generoso,Tagabebe
634,Davao Oriental,Governor Generoso,Tamban
635,Davao Oriental,Governor Generoso,Tandang Sora
636,Davao Oriental,Governor Generoso,Tibanban
637,Davao Oriental,Governor Generoso,Tiblawan
638,Davao Oriental,Governor Generoso,Upper Tibanban
639,Davao Oriental,Lupon,Bagumbayan
640,Davao Oriental,Lupon,Cabadiangan
641,Davao Oriental,Lupon,Calapagan
642,Davao Oriental,Lupon,Cocornon
643,Davao Oriental,Lupon,Corporacion
644,Davao Oriental,Lupon,Don Mariano Marcos
645,Davao Oriental,Lupon,Ilangay
646,Davao Oriental,Lupon,Langka
647,Davao Oriental,Lupon,Lantawan
648,Davao Oriental,Lupon,Limbahan
649,Davao Oriental,Lupon,Macangao
650,Davao Oriental,Lupon,Magsaysay
651,Davao Oriental,Lupon,Mahayahay
652,Davao Oriental,Lupon,Maragatas
653,Davao Oriental,Lupon,Marayag
654,Davao Oriental,Lupon,New Visayas
655,Davao Oriental,Lupon,Poblacion
656,Davao Oriental,Lupon,San Isidro
657,Davao Oriental,Lupon,San Jose
658,Davao Oriental,Lupon,Tagboa
659,Davao Oriental,Lupon,Tagugpo
660,Davao Oriental,Manay,Capasnan
661,Davao Oriental,Manay,Cayawan
662,Davao Oriental,Manay,Central
663,Davao Oriental,Manay,Concepcion
664,Davao Oriental,Manay,Del Pilar
665,Davao Oriental,Manay,Guza
666,Davao Oriental,Manay,Holy Cross
667,Davao Oriental,Manay,Lambog
668,Davao Oriental,Manay,Mabini
669,Davao Oriental,Manay,Manreza
670,Davao Oriental,Manay,New Taokanga
671,Davao Oriental,Manay,Old Macopa
672,Davao Oriental,Manay,Rizal
673,Davao Oriental,Manay,San Fermin
674,Davao Oriental,Manay,San Ignacio
675,Davao Oriental,Manay,San Isidro
676,Davao Oriental,Manay,Zaragosa
677,Davao Oriental,Mati,Badas
678,Davao Oriental,Mati,Bobon
679,Davao Oriental,Mati,Buso
680,Davao Oriental,Mati,Cabuaya
681,Davao Oriental,Mati,Central
682,Davao Oriental,Mati,Culian
683,Davao Oriental,Mati,Dahican
684,Davao Oriental,Mati,Danao
685,Davao Oriental,Mati,Dawan
686,Davao Oriental,Mati,Don Enrique Lopez
687,Davao Oriental,Mati,Don Martin Marundan
688,Davao Oriental,Mati,"Don Salvador Lopez, Sr."
689,Davao Oriental,Mati,Langka
690,Davao Oriental,Mati,Lawigan
691,Davao Oriental,Mati,Libudon
692,Davao Oriental,Mati,Luban
693,Davao Oriental,Mati,Macambol
694,Davao Oriental,Mati,Mamali
695,Davao Oriental,Mati,Matiao
696,Davao Oriental,Mati,Mayo
697,Davao Oriental,Mati,Sainz
698,Davao Oriental,Mati,Sanghay
699,Davao Oriental,Mati,Tagabakid
700,Davao Oriental,Mati,Tagbinonga
701,Davao Oriental,Mati,Taguibo
702,Davao Oriental,Mati,Tamisan
703,Davao Oriental,San Isidro,Baon
704,Davao Oriental,San Isidro,Batobato
705,Davao Oriental,San Isidro,Bitaogan
706,Davao Oriental,San Isidro,Cambaleon
707,Davao Oriental,San Isidro,Dugmanon
708,Davao Oriental,San Isidro,Iba
709,Davao Oriental,San Isidro,La Union
710,Davao Oriental,San Isidro,Lapu-lapu
711,Davao Oriental,San Isidro,Maag
712,Davao Oriental,San Isidro,Manikling
713,Davao Oriental,San Isidro,Maputi
714,Davao Oriental,San Isidro,San Miguel
715,Davao Oriental,San Isidro,San Roque
716,Davao Oriental,San Isidro,Santo Rosario
717,Davao Oriental,San Isidro,Sudlon
718,Davao Oriental,San Isidro,Talisay
719,Davao Oriental,Tarragona,Cabagayan
720,Davao Oriental,Tarragona,Central
721,Davao Oriental,Tarragona,Dadong
722,Davao Oriental,Tarragona,Jovellar
723,Davao Oriental,Tarragona,Limot
724,Davao Oriental,Tarragona,Lucatan
725,Davao Oriental,Tarragona,Maganda
726,Davao Oriental,Tarragona,Ompao
727,Davao Oriental,Tarragona,Tomoaong
728,Davao Oriental,Tarragona,Tubaon
729,Dinagat Islands,Basilisa,
730,Dinagat Islands,Cagdianao,
731,Dinagat Islands,Dinagat,
732,Dinagat Islands,Libjo,
733,Dinagat Islands,Loreto,
734,Dinagat Islands,San Jose,
735,Dinagat Islands,Tubajon,
736,Eastern Samar,Arteche,
737,Eastern Samar,Balangiga,
738,Eastern Samar,Balangkayan,
739,Eastern Samar,Borongan,
740,Eastern Samar,Can-avid,
741,Eastern Samar,Dolores,
742,Eastern Samar,General MacArthur,
743,Eastern Samar,Giporlos,
744,Eastern Samar,Guiuan,
745,Eastern Samar,Hernani,
746,Eastern Samar,Jipapad,
747,Eastern Samar,Lawaan,
748,Eastern Samar,Llorente,
749,Eastern Samar,Maslog,
750,Eastern Samar,Maydolong,
751,Eastern Samar,Mercedes,
752,Eastern Samar,Oras,
753,Eastern Samar,Quinapondan,
754,Eastern Samar,Salcedo,
755,Eastern Samar,San Julian,
756,Eastern Samar,San Policarpo,
757,Eastern Samar,Sulat,
758,Eastern Samar,Taft,
759,Guimaras,Buenavista,
760,Guimaras,Jordan,
761,Guimaras,Nueva Valencia,
762,Guimaras,San Lorenzo,
763,Guimaras,Sibunag,
764,Ifugao,Aguinaldo,
765,Ifugao,Alfonso Lista,
766,Ifugao,Asipulo,
767,Ifugao,Banaue,
768,Ifugao,Hingyon,
769,Ifugao,Hungduan,
770,Ifugao,Kiangan,
771,Ifugao,Lagawe,
772,Ifugao,Lamut,
773,Ifugao,Mayoyao,
774,Ifugao,Tinoc,
775,Ilocos Norte,Adams,
776,Ilocos Norte,Bacarra,
777,Ilocos Norte,Badoc,
778,Ilocos Norte,Bangui,
779,Ilocos Norte,Banna,
780,Ilocos Norte,Batac,
781,Ilocos Norte,Burgos,
782,Ilocos Norte,Carasi,
783,Ilocos Norte,Currimao,
784,Ilocos Norte,Dingras,
785,Ilocos Norte,Dumalneg,
786,Ilocos Norte,Laoag,
787,Ilocos Norte,Marcos,
788,Ilocos Norte,Nueva Era,
789,Ilocos Norte,Pagudpud,
790,Ilocos Norte,Paoay,
791,Ilocos Norte,Pasuquin,
792,Ilocos Norte,Piddig,
793,Ilocos Norte,Pinili,
794,Ilocos Norte,San Nicolas,
795,Ilocos Norte,Sarrat,
796,Ilocos Norte,Solsona,
797,Ilocos Norte,Vintar,
798,Ilocos Sur,Alilem,
799,Ilocos Sur,Banayoyo,
800,Ilocos Sur,Bantay,
801,Ilocos Sur,Burgos,
802,Ilocos Sur,Cabugao,
803,Ilocos Sur,Candon,
804,Ilocos Sur,Caoayan,
805,Ilocos Sur,Cervantes,
806,Ilocos Sur,Galimuyod,
807,Ilocos Sur,Gregorio del Pilar,
808,Ilocos Sur,Lidlidda,
809,Ilocos Sur,Magsingal,
810,Ilocos Sur,Nagbukel,
811,Ilocos Sur,Narvacan,
812,Ilocos Sur,Quirino,
813,Ilocos Sur,Salcedo,
814,Ilocos Sur,San Emilio,
815,Ilocos Sur,San Esteban,
816,Ilocos Sur,San Ildefonso,
817,Ilocos Sur,San Juan,
818,Ilocos Sur,San Vicente,
819,Ilocos Sur,Santa Catalina,
820,Ilocos Sur,Santa Cruz,
821,Ilocos Sur,Santa Lucia,
822,Ilocos Sur,Santa Maria,
823,Ilocos Sur,Santa,
824,Ilocos Sur,Santiago,
825,Ilocos Sur,Santo Domingo,
826,Ilocos Sur,Sigay,
827,Ilocos Sur,Sinait,
828,Ilocos Sur,Sugpon,
829,Ilocos Sur,Suyo,
830,Ilocos Sur,Tagudin,
831,Ilocos Sur,Vigan,
832,Iloilo,Ajuy,
833,Iloilo,Alimodian,
834,Iloilo,Anilao,
835,Iloilo,Badiangan,
836,Iloilo,Balasan,
837,Iloilo,Banate,
838,Iloilo,Barotac Nuevo,
839,Iloilo,Barotac Viejo,
840,Iloilo,Batad,
841,Iloilo,Bingawan,
842,Iloilo,Cabatuan,
843,Iloilo,Calinog,
844,Iloilo,Carles,
845,Iloilo,Concepcion,
846,Iloilo,Dingle,
847,Iloilo,Dueñas,
848,Iloilo,Dumangas,
849,Iloilo,Estancia,
850,Iloilo,Guimbal,
851,Iloilo,Igbaras,
852,Iloilo,Iloilo City,
853,Iloilo,Janiuay,
854,Iloilo,Lambunao,
855,Iloilo,Leganes,
856,Iloilo,Lemery,
857,Iloilo,Leon,
858,Iloilo,Maasin,
859,Iloilo,Miagao,
860,Iloilo,Mina,
861,Iloilo,New Lucena,
862,Iloilo,Oton,
863,Iloilo,Passi,
864,Iloilo,Pavia,
865,Iloilo,Pototan,
866,Iloilo,San Dionisio,
867,Iloilo,San Enrique,
868,Iloilo,San Joaquin,
869,Iloilo,San Miguel,
870,Iloilo,San Rafael,
871,Iloilo,Santa Barbara,
872,Iloilo,Sara,
873,Iloilo,Tigbauan,
874,Iloilo,Tubungan,
875,Iloilo,Zarraga,
876,Isabela,Alicia,
877,Isabela,Angadanan,
878,Isabela,Aurora,
879,Isabela,Benito Soliven,
880,Isabela,Burgos,
881,Isabela,Cabagan,
882,Isabela,Cabatuan,
883,Isabela,Cauayan,
884,Isabela,Cordon,
885,Isabela,Delfin Albano,
886,Isabela,Dinapigue,
887,Isabela,Divilacan,
888,Isabela,Echague,
889,Isabela,Gamu,
890,Isabela,Ilagan,
891,Isabela,Jones,
892,Isabela,Luna,
893,Isabela,Maconacon,
894,Isabela,Mallig,
895,Isabela,Naguilian,
896,Isabela,Palanan,
897,Isabela,Quezon,
898,Isabela,Quirino,
899,Isabela,Ramon,
900,Isabela,Reina Mercedes,
901,Isabela,Roxas,
902,Isabela,San Agustin,
903,Isabela,San Guillermo,
904,Isabela,San Isidro,
905,Isabela,San Manuel,
906,Isabela,San Mariano,
907,Isabela,San Mateo,
908,Isabela,San Pablo,
909,Isabela,Santa Maria,
910,Isabela,Santiago,
911,Isabela,Santo Tomas,
912,Isabela,Tumauini,
913,Kalinga,Balbalan,
914,Kalinga,Lubuagan,
915,Kalinga,Pasil,
916,Kalinga,Pinukpuk,
917,Kalinga,Rizal,
918,Kalinga,Tabuk,
919,Kalinga,Tanudan,
920,Kalinga,Tinglayan,
921,La Union,Agoo,
922,La Union,Aringay,
923,La Union,Bacnotan,
924,La Union,Bagulin,
925,La Union,Balaoan,
926,La Union,Bangar,
927,La Union,Bauang,
928,La Union,Burgos,
929,La Union,Caba,
930,La Union,Luna,
931,La Union,Naguilian,
932,La Union,Pugo,
933,La Union,Rosario,
934,La Union,San Fernando,
935,La Union,San Gabriel,
936,La Union,San Juan,
937,La Union,Santo Tomas,
938,La Union,Santol,
939,La Union,Sudipen,
940,La Union,Tubao,
941,Laguna,Alaminos,
942,Laguna,Bay,
943,Laguna,Biñan,
944,Laguna,Cabuyao,
945,Laguna,Calamba,
946,Laguna,Calauan,
947,Laguna,Cavinti,
948,Laguna,Famy,
949,Laguna,Kalayaan,
950,Laguna,Liliw,
951,Laguna,Los Baños,
952,Laguna,Luisiana,
953,Laguna,Lumban,
954,Laguna,Mabitac,
955,Laguna,Magdalena,
956,Laguna,Majayjay,
957,Laguna,Nagcarlan,
958,Laguna,Paete,
959,Laguna,Pagsanjan,
960,Laguna,Pakil,
961,Laguna,Pangil,
962,Laguna,Pila,
963,Laguna,Rizal,
964,Laguna,San Pablo,
965,Laguna,San Pedro,
966,Laguna,Santa Cruz,
967,Laguna,Santa Maria,
968,Laguna,Santa Rosa,
969,Laguna,Siniloan,
970,Laguna,Victoria,
971,Lanao del Norte,Bacolod,
972,Lanao del Norte,Balo-i,
973,Lanao del Norte,Baroy,
974,Lanao del Norte,Iligan,
975,Lanao del Norte,Kapatagan,
976,Lanao del Norte,Kauswagan,
977,Lanao del Norte,Kolambugan,
978,Lanao del Norte,Lala,
979,Lanao del Norte,Linamon,
980,Lanao del Norte,Magsaysay,
981,Lanao del Norte,Maigo,
982,Lanao del Norte,Matungao,
983,Lanao del Norte,Munai,
984,Lanao del Norte,Nunungan,
985,Lanao del Norte,Pantao Ragat,
986,Lanao del Norte,Pantar,
987,Lanao del Norte,Poona Piagapo,
988,Lanao del Norte,Salvador,
989,Lanao del Norte,Sapad,
990,Lanao del Norte,Sultan Naga Dimaporo,
991,Lanao del Norte,Tagoloan,
992,Lanao del Norte,Tangcal,
993,Lanao del Norte,Tubod,
994,Lanao del Sur,Amai Manabilang,
995,Lanao del Sur,Bacolod-Kalawi,
996,Lanao del Sur,Balabagan,
997,Lanao del Sur,Balindong,
998,Lanao del Sur,Bayang,
999,Lanao del Sur,Binidayan,
1000,Lanao del Sur,Buadiposo-Buntong,
1001,Lanao del Sur,Bubong,
1002,Lanao del Sur,Butig,
1003,Lanao del Sur,Calanogas,
1004,Lanao del Sur,Ditsaan-Ramain,
1005,Lanao del Sur,Ganassi,
1006,Lanao del Sur,Kapai,
1007,Lanao del Sur,Kapatagan,
1008,Lanao del Sur,Lumba-Bayabao,
1009,Lanao del Sur,Lumbaca-Unayan,
1010,Lanao del Sur,Lumbatan,
1011,Lanao del Sur,Lumbayanague,
1012,Lanao del Sur,Madalum,
1013,Lanao del Sur,Madamba,
1014,Lanao del Sur,Maguing,
1015,Lanao del Sur,Malabang,
1016,Lanao del Sur,Marantao,
1017,Lanao del Sur,Marawi,
1018,Lanao del Sur,Marogong,
1019,Lanao del Sur,Masiu,
1020,Lanao del Sur,Mulondo,
1021,Lanao del Sur,Pagayawan,
1022,Lanao del Sur,Piagapo,
1023,Lanao del Sur,Picong,
1024,Lanao del Sur,Poona Bayabao,
1025,Lanao del Sur,Pualas,
1026,Lanao del Sur,Saguiaran,
1027,Lanao del Sur,Sultan Dumalondong,
1028,Lanao del Sur,Tagoloan II,
1029,Lanao del Sur,Tamparan,
1030,Lanao del Sur,Taraka,
1031,Lanao del Sur,Tubaran,
1032,Lanao del Sur,Tugaya,
1033,Lanao del Sur,Wao,
1034,Leyte,Abuyog,
1035,Leyte,Alangalang,
1036,Leyte,Albuera,
1037,Leyte,Babatngon,
1038,Leyte,Barugo,
1039,Leyte,Bato,
1040,Leyte,Baybay,
1041,Leyte,Burauen,
1042,Leyte,Calubian,
1043,Leyte,Capoocan,
1044,Leyte,Carigara,
1045,Leyte,Dagami,
1046,Leyte,Dulag,
1047,Leyte,Hilongos,
1048,Leyte,Hindang,
1049,Leyte,Inopacan,
1050,Leyte,Isabel,
1051,Leyte,Jaro,
1052,Leyte,Javier,
1053,Leyte,Julita,
1054,Leyte,Kananga,
1055,Leyte,La Paz,
1056,Leyte,Leyte,
1057,Leyte,MacArthur,
1058,Leyte,Mahaplag,
1059,Leyte,Matag-ob,
1060,Leyte,Matalom,
1061,Leyte,Mayorga,
1062,Leyte,Merida,
1063,Leyte,Ormoc,
1064,Leyte,Palo,
1065,Leyte,Palompon,
1066,Leyte,Pastrana,
1067,Leyte,San Isidro,
1068,Leyte,San Miguel,
1069,Leyte,Santa Fe,
1070,Leyte,Tabango,
1071,Leyte,Tabontabon,
1072,Leyte,Tacloban,
1073,Leyte,Tanauan,
1074,Leyte,Tolosa,
1075,Leyte,Tunga,
1076,Leyte,Villaba,
1077,Maguindanao,Ampatuan,
1078,Maguindanao,Barira,
1079,Maguindanao,Buldon,
1080,Maguindanao,Buluan,
1081,Maguindanao,Cotabato City,
1082,Maguindanao,Datu Abdullah Sangki,
1083,Maguindanao,Datu Anggal Midtimbang,
1084,Maguindanao,Datu Blah T. Sinsuat,
1085,Maguindanao,Datu Hoffer Ampatuan,
1086,Maguindanao,Datu Montawal,
1087,Maguindanao,Datu Odin Sinsuat,
1088,Maguindanao,Datu Paglas,
1089,Maguindanao,Datu Piang,
1090,Maguindanao,Datu Salibo,
1091,Maguindanao,Datu Saudi-Ampatuan,
1092,Maguindanao,Datu Unsay,
1093,Maguindanao,General Salipada K. Pendatun,
1094,Maguindanao,Guindulungan,
1095,Maguindanao,Kabuntalan,
1096,Maguindanao,Mamasapano,
1097,Maguindanao,Mangudadatu,
1098,Maguindanao,Matanog,
1099,Maguindanao,Northern Kabuntalan,
1100,Maguindanao,Pagalungan,
1101,Maguindanao,Paglat,
1102,Maguindanao,Pandag,
1103,Maguindanao,Parang,
1104,Maguindanao,Rajah Buayan,
1105,Maguindanao,Shariff Aguak,
1106,Maguindanao,Shariff Saydona Mustapha,
1107,Maguindanao,South Upi,
1108,Maguindanao,Sultan Kudarat,
1109,Maguindanao,Sultan Mastura,
1110,Maguindanao,Sultan Sumagka,
1111,Maguindanao,Sultan sa Barongis,
1112,Maguindanao,Talayan,
1113,Maguindanao,Upi,
1114,Marinduque,Boac,
1115,Marinduque,Buenavista,
1116,Marinduque,Gasan,
1117,Marinduque,Mogpog,
1118,Marinduque,Santa Cruz,
1119,Marinduque,Torrijos,
1120,Masbate,Aroroy,
1121,Masbate,Baleno,
1122,Masbate,Balud,
1123,Masbate,Batuan,
1124,Masbate,Cataingan,
1125,Masbate,Cawayan,
1126,Masbate,Claveria,
1127,Masbate,Dimasalang,
1128,Masbate,Esperanza,
1129,Masbate,Mandaon,
1130,Masbate,Masbate City,
1131,Masbate,Milagros,
1132,Masbate,Mobo,
1133,Masbate,Monreal,
1134,Masbate,Palanas,
1135,Masbate,Pio V. Corpuz,
1136,Masbate,Placer,
1137,Masbate,San Fernando,
1138,Masbate,San Jacinto,
1139,Masbate,San Pascual,
1140,Masbate,Uson,
1141,Metro Manila,Caloocan,
1142,Metro Manila,Las Piñas,
1143,Metro Manila,Makati,
1144,Metro Manila,Malabon,
1145,Metro Manila,Mandaluyong,
1146,Metro Manila,Manila,
1147,Metro Manila,Marikina,
1148,Metro Manila,Muntinlupa,
1149,Metro Manila,Navotas,
1150,Metro Manila,Parañaque,
1151,Metro Manila,Pasay,
1152,Metro Manila,Pasig,
1153,Metro Manila,Pateros,
1154,Metro Manila,Quezon City,
1155,Metro Manila,San Juan,
1156,Metro Manila,Taguig,
1157,Metro Manila,Valenzuela,
1158,Misamis Occidental,Aloran,
1159,Misamis Occidental,Baliangao,
1160,Misamis Occidental,Bonifacio,
1161,Misamis Occidental,Calamba,
1162,Misamis Occidental,Clarin,
1163,Misamis Occidental,Concepcion,
1164,Misamis Occidental,Don Victoriano Chiongbian,
1165,Misamis Occidental,Jimenez,
1166,Misamis Occidental,Lopez Jaena,
1167,Misamis Occidental,Oroquieta,
1168,Misamis Occidental,Ozamiz,
1169,Misamis Occidental,Panaon,
1170,Misamis Occidental,Plaridel,
1171,Misamis Occidental,Sapang Dalaga,
1172,Misamis Occidental,Sinacaban,
1173,Misamis Occidental,Tangub,
1174,Misamis Occidental,Tudela,
1175,Misamis Oriental,Alubijid,
1176,Misamis Oriental,Balingasag,
1177,Misamis Oriental,Balingoan,
1178,Misamis Oriental,Binuangan,
1179,Misamis Oriental,Cagayan de Oro,
1180,Misamis Oriental,Claveria,
1181,Misamis Oriental,El Salvador,
1182,Misamis Oriental,Gingoog,
1183,Misamis Oriental,Gitagum,
1184,Misamis Oriental,Initao,
1185,Misamis Oriental,Jasaan,
1186,Misamis Oriental,Kinoguitan,
1187,Misamis Oriental,Lagonglong,
1188,Misamis Oriental,Laguindingan,
1189,Misamis Oriental,Libertad,
1190,Misamis Oriental,Lugait,
1191,Misamis Oriental,Magsaysay,
1192,Misamis Oriental,Manticao,
1193,Misamis Oriental,Medina,
1194,Misamis Oriental,Naawan,
1195,Misamis Oriental,Opol,
1196,Misamis Oriental,Salay,
1197,Misamis Oriental,Sugbongcogon,
1198,Misamis Oriental,Tagoloan,
1199,Misamis Oriental,Talisayan,
1200,Misamis Oriental,Villanueva,
1201,Mountain Province,Barlig,
1202,Mountain Province,Bauko,
1203,Mountain Province,Besao,
1204,Mountain Province,Bontoc,
1205,Mountain Province,Natonin,
1206,Mountain Province,Paracelis,
1207,Mountain Province,Sabangan,
1208,Mountain Province,Sadanga,
1209,Mountain Province,Sagada,
1210,Mountain Province,Tadian,
1211,Negros Occidental,Bacolod,
1212,Negros Occidental,Bago,
1213,Negros Occidental,Binalbagan,
1214,Negros Occidental,Cadiz,
1215,Negros Occidental,Calatrava,
1216,Negros Occidental,Candoni,
1217,Negros Occidental,Cauayan,
1218,Negros Occidental,Enrique B. Magalona,
1219,Negros Occidental,Escalante,
1220,Negros Occidental,Himamaylan,
1221,Negros Occidental,Hinigaran,
1222,Negros Occidental,Hinoba-an,
1223,Negros Occidental,Ilog,
1224,Negros Occidental,Isabela,
1225,Negros Occidental,Kabankalan,
1226,Negros Occidental,La Carlota,
1227,Negros Occidental,La Castellana,
1228,Negros Occidental,Manapla,
1229,Negros Occidental,Moises Padilla,
1230,Negros Occidental,Murcia,
1231,Negros Occidental,Pontevedra,
1232,Negros Occidental,Pulupandan,
1233,Negros Occidental,Sagay,
1234,Negros Occidental,Salvador Benedicto,
1235,Negros Occidental,San Carlos,
1236,Negros Occidental,San Enrique,
1237,Negros Occidental,Silay,
1238,Negros Occidental,Sipalay,
1239,Negros Occidental,Talisay,
1240,Negros Occidental,Toboso,
1241,Negros Occidental,Valladolid,
1242,Negros Occidental,Victorias,
1243,Negros Oriental,Amlan,
1244,Negros Oriental,Ayungon,
1245,Negros Oriental,Bacong,
1246,Negros Oriental,Bais,
1247,Negros Oriental,Basay,
1248,Negros Oriental,Bayawan,
1249,Negros Oriental,Bindoy,
1250,Negros Oriental,Canlaon,
1251,Negros Oriental,Dauin,
1252,Negros Oriental,Dumaguete,
1253,Negros Oriental,Guihulngan,
1254,Negros Oriental,Jimalalud,
1255,Negros Oriental,La Libertad,
1256,Negros Oriental,Mabinay,
1257,Negros Oriental,Manjuyod,
1258,Negros Oriental,Pamplona,
1259,Negros Oriental,San Jose,
1260,Negros Oriental,Santa Catalina,
1261,Negros Oriental,Siaton,
1262,Negros Oriental,Sibulan,
1263,Negros Oriental,Tanjay,
1264,Negros Oriental,Tayasan,
1265,Negros Oriental,Valencia,
1266,Negros Oriental,Vallehermoso,
1267,Negros Oriental,Zamboanguita,
1268,Northern Samar,Allen,
1269,Northern Samar,Biri,
1270,Northern Samar,Bobon,
1271,Northern Samar,Capul,
1272,Northern Samar,Catarman,
1273,Northern Samar,Catubig,
1274,Northern Samar,Gamay,
1275,Northern Samar,Laoang,
1276,Northern Samar,Lapinig,
1277,Northern Samar,Las Navas,
1278,Northern Samar,Lavezares,
1279,Northern Samar,Lope de Vega,
1280,Northern Samar,Mapanas,
1281,Northern Samar,Mondragon,
1282,Northern Samar,Palapag,
1283,Northern Samar,Pambujan,
1284,Northern Samar,Rosario,
1285,Northern Samar,San Antonio,
1286,Northern Samar,San Isidro,
1287,Northern Samar,San Jose,
1288,Northern Samar,San Roque,
1289,Northern Samar,San Vicente,
1290,Northern Samar,Silvino Lobos,
1291,Northern Samar,Victoria,
1292,Nueva Ecija,Aliaga,
1293,Nueva Ecija,Bongabon,
1294,Nueva Ecija,Cabanatuan,
1295,Nueva Ecija,Cabiao,
1296,Nueva Ecija,Carranglan,
1297,Nueva Ecija,Cuyapo,
1298,Nueva Ecija,Gabaldon,
1299,Nueva Ecija,Gapan,
1300,Nueva Ecija,General Mamerto Natividad,
1301,Nueva Ecija,General Tinio,
1302,Nueva Ecija,Guimba,
1303,Nueva Ecija,Jaen,
1304,Nueva Ecija,Laur,
1305,Nueva Ecija,Licab,
1306,Nueva Ecija,Llanera,
1307,Nueva Ecija,Lupao,
1308,Nueva Ecija,Muñoz,
1309,Nueva Ecija,Nampicuan,
1310,Nueva Ecija,Palayan,
1311,Nueva Ecija,Pantabangan,
1312,Nueva Ecija,Peñaranda,
1313,Nueva Ecija,Quezon,
1314,Nueva Ecija,Rizal,
1315,Nueva Ecija,San Antonio,
1316,Nueva Ecija,San Isidro,
1317,Nueva Ecija,San Jose,
1318,Nueva Ecija,San Leonardo,
1319,Nueva Ecija,Santa Rosa,
1320,Nueva Ecija,Santo Domingo,
1321,Nueva Ecija,Talavera,
1322,Nueva Ecija,Talugtug,
1323,Nueva Ecija,Zaragoza,
1324,Nueva Vizcaya,Alfonso Castañeda,
1325,Nueva Vizcaya,Ambaguio,
1326,Nueva Vizcaya,Aritao,
1327,Nueva Vizcaya,Bagabag,
1328,Nueva Vizcaya,Bambang,
1329,Nueva Vizcaya,Bayombong,
1330,Nueva Vizcaya,Diadi,
1331,Nueva Vizcaya,Dupax del Norte,
1332,Nueva Vizcaya,Dupax del Sur,
1333,Nueva Vizcaya,Kasibu,
1334,Nueva Vizcaya,Kayapa,
1335,Nueva Vizcaya,Quezon,
1336,Nueva Vizcaya,Santa Fe,
1337,Nueva Vizcaya,Solano,
1338,Nueva Vizcaya,Villaverde,
1339,Occidental Mindoro,Abra de Ilog,
1340,Occidental Mindoro,Calintaan,
1341,Occidental Mindoro,Looc,
1342,Occidental Mindoro,Lubang,
1343,Occidental Mindoro,Magsaysay,
1344,Occidental Mindoro,Mamburao,
1345,Occidental Mindoro,Paluan,
1346,Occidental Mindoro,Rizal,
1347,Occidental Mindoro,Sablayan,
1348,Occidental Mindoro,San Jose,
1349,Occidental Mindoro,Santa Cruz,
1350,Oriental Mindoro,Baco,
1351,Oriental Mindoro,Bansud,
1352,Oriental Mindoro,Bongabong,
1353,Oriental Mindoro,Bulalacao,
1354,Oriental Mindoro,Calapan,
1355,Oriental Mindoro,Gloria,
1356,Oriental Mindoro,Mansalay,
1357,Oriental Mindoro,Naujan,
1358,Oriental Mindoro,Pinamalayan,
1359,Oriental Mindoro,Pola,
1360,Oriental Mindoro,Puerto Galera,
1361,Oriental Mindoro,Roxas,
1362,Oriental Mindoro,San Teodoro,
1363,Oriental Mindoro,Socorro,
1364,Oriental Mindoro,Victoria,
1365,Palawan,Aborlan,
1366,Palawan,Agutaya,
1367,Palawan,Araceli,
1368,Palawan,Balabac,
1369,Palawan,Bataraza,
1370,Palawan,Brooke's Point,
1371,Palawan,Busuanga,
1372,Palawan,Cagayancillo,
1373,Palawan,Coron,
1374,Palawan,Culion,
1375,Palawan,Cuyo,
1376,Palawan,Dumaran,
1377,Palawan,El Nido,
1378,Palawan,Kalayaan,
1379,Palawan,Linapacan,
1380,Palawan,Magsaysay,
1381,Palawan,Narra,
1382,Palawan,Puerto Princesa,
1383,Palawan,Quezon,
1384,Palawan,Rizal,
1385,Palawan,"Roxas, Palawan",
1386,Palawan,San Vicente,
1387,Palawan,Sofronio Española,
1388,Palawan,Taytay,
1389,Pampanga,Angeles,
1390,Pampanga,Apalit,
1391,Pampanga,Arayat,
1392,Pampanga,Bacolor,
1393,Pampanga,Candaba,
1394,Pampanga,Floridablanca,
1395,Pampanga,Guagua,
1396,Pampanga,Lubao,
1397,Pampanga,Mabalacat,
1398,Pampanga,Macabebe,
1399,Pampanga,Magalang,
1400,Pampanga,Masantol,
1401,Pampanga,Mexico,
1402,Pampanga,Minalin,
1403,Pampanga,Porac,
1404,Pampanga,San Fernando,
1405,Pampanga,San Luis,
1406,Pampanga,San Simon,
1407,Pampanga,Santa Ana,
1408,Pampanga,Santa Rita,
1409,Pampanga,Santo Tomas,
1410,Pampanga,Sasmuan,
1411,Pangasinan,Agno,
1412,Pangasinan,Aguilar,
1413,Pangasinan,Alaminos,
1414,Pangasinan,Alcala,
1415,Pangasinan,Anda,
1416,Pangasinan,Asingan,
1417,Pangasinan,Balungao,
1418,Pangasinan,Bani,
1419,Pangasinan,Basista,
1420,Pangasinan,Bautista,
1421,Pangasinan,Bayambang,
1422,Pangasinan,Binalonan,
1423,Pangasinan,Binmaley,
1424,Pangasinan,Bolinao,
1425,Pangasinan,Bugallon,
1426,Pangasinan,Burgos,
1427,Pangasinan,Calasiao,
1428,Pangasinan,Dagupan,
1429,Pangasinan,Dasol,
1430,Pangasinan,Infanta,
1431,Pangasinan,Labrador,
1432,Pangasinan,Laoac,
1433,Pangasinan,Lingayen,
1434,Pangasinan,Mabini,
1435,Pangasinan,Malasiqui,
1436,Pangasinan,Manaoag,
1437,Pangasinan,Mangaldan,
1438,Pangasinan,Mangatarem,
1439,Pangasinan,Mapandan,
1440,Pangasinan,Natividad,
1441,Pangasinan,Pozorrubio,
1442,Pangasinan,Rosales,
1443,Pangasinan,San Carlos,
1444,Pangasinan,San Fabian,
1445,Pangasinan,San Jacinto,
1446,Pangasinan,San Manuel,
1447,Pangasinan,San Nicolas,
1448,Pangasinan,San Quintin,
1449,Pangasinan,Santa Barbara,
1450,Pangasinan,Santa Maria,
1451,Pangasinan,Santo Tomas,
1452,Pangasinan,Sison,
1453,Pangasinan,Sual,
1454,Pangasinan,Tayug,
1455,Pangasinan,Umingan,
1456,Pangasinan,Urbiztondo,
1457,Pangasinan,Urdaneta,
1458,Pangasinan,Villasis,
1459,Quezon,Agdangan,
1460,Quezon,Alabat,
1461,Quezon,Atimonan,
1462,Quezon,Buenavista,
1463,Quezon,Burdeos,
1464,Quezon,Calauag,
1465,Quezon,Candelaria,
1466,Quezon,Catanauan,
1467,Quezon,Dolores,
1468,Quezon,General Luna,
1469,Quezon,General Nakar,
1470,Quezon,Guinayangan,
1471,Quezon,Gumaca,
1472,Quezon,Infanta,
1473,Quezon,Jomalig,
1474,Quezon,Lopez,
1475,Quezon,Lucban,
1476,Quezon,Lucena,
1477,Quezon,Macalelon,
1478,Quezon,Mauban,
1479,Quezon,Mulanay,
1480,Quezon,Padre Burgos,
1481,Quezon,Pagbilao,
1482,Quezon,Panukulan,
1483,Quezon,Patnanungan,
1484,Quezon,Perez,
1485,Quezon,Pitogo,
1486,Quezon,Plaridel,
1487,Quezon,Polillo,
1488,Quezon,Quezon,
1489,Quezon,Real,
1490,Quezon,Sampaloc,
1491,Quezon,San Andres,
1492,Quezon,San Antonio,
1493,Quezon,San Francisco,
1494,Quezon,San Narciso,
1495,Quezon,Sariaya,
1496,Quezon,Tagkawayan,
1497,Quezon,Tayabas,
1498,Quezon,Tiaong,
1499,Quezon,Unisan,
1500,Quirino,Aglipay,
1501,Quirino,Cabarroguis,
1502,Quirino,Diffun,
1503,Quirino,Maddela,
1504,Quirino,Nagtipunan,
1505,Quirino,Saguday,
1506,Rizal,Angono,
1507,Rizal,Antipolo,
1508,Rizal,Baras,
1509,Rizal,Binangonan,
1510,Rizal,Cainta,
1511,Rizal,Cardona,
1512,Rizal,Jalajala,
1513,Rizal,Morong,
1514,Rizal,Pililla,
1515,Rizal,Rodriguez,
1516,Rizal,San Mateo,
1517,Rizal,Tanay,
1518,Rizal,Taytay,
1519,Rizal,Teresa,
1520,Romblon,Alcantara,
1521,Romblon,Banton,
1522,Romblon,Cajidiocan,
1523,Romblon,Calatrava,
1524,Romblon,Concepcion,
1525,Romblon,Corcuera,
1526,Romblon,Ferrol,
1527,Romblon,Looc,
1528,Romblon,Magdiwang,
1529,Romblon,Odiongan,
1530,Romblon,Romblon,
1531,Romblon,San Agustin,
1532,Romblon,San Andres,
1533,Romblon,San Fernando,
1534,Romblon,San Jose,
1535,Romblon,Santa Fe,
1536,Romblon,Santa Maria,
1537,Samar,Almagro,
1538,Samar,Basey,
1539,Samar,Calbayog,
1540,Samar,Calbiga,
1541,Samar,Catbalogan,
1542,Samar,Daram,
1543,Samar,Gandara,
1544,Samar,Hinabangan,
1545,Samar,Jiabong,
1546,Samar,Marabut,
1547,Samar,Matuguinao,
1548,Samar,Motiong,
1549,Samar,Pagsanghan,
1550,Samar,Paranas,
1551,Samar,Pinabacdao,
1552,Samar,San Jorge,
1553,Samar,San Jose de Buan,
1554,Samar,San Sebastian,
1555,Samar,Santa Margarita,
1556,Samar,Santa Rita,
1557,Samar,Santo Niño,
1558,Samar,Tagapul-an,
1559,Samar,Talalora,
1560,Samar,Tarangnan,
1561,Samar,Villareal,
1562,Samar,Zumarraga,
1563,Sarangani,Alabel,
1564,Sarangani,Glan,
1565,Sarangani,Kiamba,
1566,Sarangani,Maasim,
1567,Sarangani,Maitum,
1568,Sarangani,Malapatan,
1569,Sarangani,Malungon,
1570,Siquijor,Enrique Villanueva,
1571,Siquijor,Larena,
1572,Siquijor,Lazi,
1573,Siquijor,Maria,
1574,Siquijor,San Juan,
1575,Siquijor,Siquijor,
1576,Sorsogon,Barcelona,
1577,Sorsogon,Bulan,
1578,Sorsogon,Bulusan,
1579,Sorsogon,Casiguran,
1580,Sorsogon,Castilla,
1581,Sorsogon,Donsol,
1582,Sorsogon,Gubat,
1583,Sorsogon,Irosin,
1584,Sorsogon,Juban,
1585,Sorsogon,Magallanes,
1586,Sorsogon,Matnog,
1587,Sorsogon,Pilar,
1588,Sorsogon,Prieto Diaz,
1589,Sorsogon,Santa Magdalena,
1590,Sorsogon,Sorsogon City,
1591,South Cotabato,Banga,
1592,South Cotabato,General Santos,
1593,South Cotabato,Koronadal,
1594,South Cotabato,Lake Sebu,
1595,South Cotabato,Norala,
1596,South Cotabato,Polomolok,
1597,South Cotabato,Santo Niño,
1598,South Cotabato,Surallah,
1599,South Cotabato,T'Boli,
1600,South Cotabato,Tampakan,
1601,South Cotabato,Tantangan,
1602,South Cotabato,Tupi,
1603,Southern Leyte,Anahawan,
1604,Southern Leyte,Bontoc,
1605,Southern Leyte,Hinunangan,
1606,Southern Leyte,Hinundayan,
1607,Southern Leyte,Libagon,
1608,Southern Leyte,Liloan,
1609,Southern Leyte,Limasawa,
1610,Southern Leyte,Maasin,
1611,Southern Leyte,Macrohon,
1612,Southern Leyte,Malitbog,
1613,Southern Leyte,Padre Burgos,
1614,Southern Leyte,Pintuyan,
1615,Southern Leyte,Saint Bernard,
1616,Southern Leyte,San Francisco,
1617,Southern Leyte,San Juan,
1618,Southern Leyte,San Ricardo,
1619,Southern Leyte,Silago,
1620,Southern Leyte,Sogod,
1621,Southern Leyte,Tomas Oppus,
1622,Sultan Kudarat,Bagumbayan,
1623,Sultan Kudarat,Columbio,
1624,Sultan Kudarat,Esperanza,
1625,Sultan Kudarat,Isulan,
1626,Sultan Kudarat,Kalamansig,
1627,Sultan Kudarat,Lambayong,
1628,Sultan Kudarat,Lebak,
1629,Sultan Kudarat,Lutayan,
1630,Sultan Kudarat,Palimbang,
1631,Sultan Kudarat,President Quirino,
1632,Sultan Kudarat,Senator Ninoy Aquino,
1633,Sultan Kudarat,Tacurong,
1634,Sulu,Banguingui,
1635,Sulu,Hadji Panglima Tahil,
1636,Sulu,Indanan,
1637,Sulu,Jolo,
1638,Sulu,Kalingalan Caluang,
1639,Sulu,Lugus,
1640,Sulu,Luuk,
1641,Sulu,Maimbung,
1642,Sulu,Omar,
1643,Sulu,Panamao,
1644,Sulu,Pandami,
1645,Sulu,Panglima Estino,
1646,Sulu,Pangutaran,
1647,Sulu,Parang,
1648,Sulu,Pata,
1649,Sulu,Patikul,
1650,Sulu,Siasi,
1651,Sulu,Talipao,
1652,Sulu,Tapul,
1653,Surigao del Norte,Alegria,
1654,Surigao del Norte,Bacuag,
1655,Surigao del Norte,Burgos,
1656,Surigao del Norte,Claver,
1657,Surigao del Norte,Dapa,
1658,Surigao del Norte,Del Carmen,
1659,Surigao del Norte,General Luna,
1660,Surigao del Norte,Gigaquit,
1661,Surigao del Norte,Mainit,
1662,Surigao del Norte,Malimono,
1663,Surigao del Norte,Pilar,
1664,Surigao del Norte,Placer,
1665,Surigao del Norte,San Benito,
1666,Surigao del Norte,San Francisco,
1667,Surigao del Norte,San Isidro,
1668,Surigao del Norte,Santa Monica,
1669,Surigao del Norte,Sison,
1670,Surigao del Norte,Socorro,
1671,Surigao del Norte,Surigao City,
1672,Surigao del Norte,Tagana-an,
1673,Surigao del Norte,Tubod,
1674,Surigao del Sur,Barobo,
1675,Surigao del Sur,Bayabas,
1676,Surigao del Sur,Bislig,
1677,Surigao del Sur,Cagwait,
1678,Surigao del Sur,Cantilan,
1679,Surigao del Sur,Carmen,
1680,Surigao del Sur,Carrascal,
1681,Surigao del Sur,Cortes,
1682,Surigao del Sur,Hinatuan,
1683,Surigao del Sur,Lanuza,
1684,Surigao del Sur,Lianga,
1685,Surigao del Sur,Lingig,
1686,Surigao del Sur,Madrid,
1687,Surigao del Sur,Marihatag,
1688,Surigao del Sur,San Agustin,
1689,Surigao del Sur,San Miguel,
1690,Surigao del Sur,Tagbina,
1691,Surigao del Sur,Tago,
1692,Surigao del Sur,Tandag,
1693,Tarlac,Anao,
1694,Tarlac,Bamban,
1695,Tarlac,Camiling,
1696,Tarlac,Capas,
1697,Tarlac,Concepcion,
1698,Tarlac,Gerona,
1699,Tarlac,La Paz,
1700,Tarlac,Mayantoc,
1701,Tarlac,Moncada,
1702,Tarlac,Paniqui,
1703,Tarlac,Pura,
1704,Tarlac,Ramos,
1705,Tarlac,San Clemente,
1706,Tarlac,San Jose,
1707,Tarlac,San Manuel,
1708,Tarlac,Santa Ignacia,
1709,Tarlac,Tarlac City,
1710,Tarlac,Victoria,
1711,Tawi-Tawi,Bongao,
1712,Tawi-Tawi,Languyan,
1713,Tawi-Tawi,Mapun,
1714,Tawi-Tawi,Panglima Sugala,
1715,Tawi-Tawi,Sapa-Sapa,
1716,Tawi-Tawi,Sibutu,
1717,Tawi-Tawi,Simunul,
1718,Tawi-Tawi,Sitangkai,
1719,Tawi-Tawi,South Ubian,
1720,Tawi-Tawi,Tandubas,
1721,Tawi-Tawi,Turtle Islands,
1722,Zambales,Botolan,
1723,Zambales,Cabangan,
1724,Zambales,Candelaria,
1725,Zambales,Castillejos,
1726,Zambales,Iba,
1727,Zambales,Masinloc,
1728,Zambales,Olongapo,
1729,Zambales,Palauig,
1730,Zambales,San Antonio,
1731,Zambales,San Felipe,
1732,Zambales,San Marcelino,
1733,Zambales,San Narciso,
1734,Zambales,Santa Cruz,
1735,Zambales,Subic,
1736,Zamboanga del Norte,Baliguian,
1737,Zamboanga del Norte,Dapitan,
1738,Zamboanga del Norte,Dipolog,
1739,Zamboanga del Norte,Godod,
1740,Zamboanga del Norte,Gutalac,
1741,Zamboanga del Norte,Jose Dalman,
1742,Zamboanga del Norte,Kalawit,
1743,Zamboanga del Norte,Katipunan,
1744,Zamboanga del Norte,La Libertad,
1745,Zamboanga del Norte,Labason,
1746,Zamboanga del Norte,Leon B. Postigo,
1747,Zamboanga del Norte,Liloy,
1748,Zamboanga del Norte,Manukan,
1749,Zamboanga del Norte,Mutia,
1750,Zamboanga del Norte,Piñan,
1751,Zamboanga del Norte,Polanco,
1752,Zamboanga del Norte,Rizal,
1753,Zamboanga del Norte,Roxas,
1754,Zamboanga del Norte,Salug,
1755,Zamboanga del Norte,Sergio Osmeña,
1756,Zamboanga del Norte,Siayan,
1757,Zamboanga del Norte,Sibuco,
1758,Zamboanga del Norte,Sibutad,
1759,Zamboanga del Norte,Sindangan,
1760,Zamboanga del Norte,Siocon,
1761,Zamboanga del Norte,Sirawai,
1762,Zamboanga del Norte,Tampilisan,
1763,Zamboanga del Sur,Aurora,
1764,Zamboanga del Sur,Bayog,
1765,Zamboanga del Sur,Dimataling,
1766,Zamboanga del Sur,Dinas,
1767,Zamboanga del Sur,Dumalinao,
1768,Zamboanga del Sur,Dumingag,
1769,Zamboanga del Sur,Guipos,
1770,Zamboanga del Sur,Josefina,
1771,Zamboanga del Sur,Kumalarang,
1772,Zamboanga del Sur,Labangan,
1773,Zamboanga del Sur,Lakewood,
1774,Zamboanga del Sur,Lapuyan,
1775,Zamboanga del Sur,Mahayag,
1776,Zamboanga del Sur,Margosatubig,
1777,Zamboanga del Sur,Midsalip,
1778,Zamboanga del Sur,Molave,
1779,Zamboanga del Sur,Pagadian,
1780,Zamboanga del Sur,Pitogo,
1781,Zamboanga del Sur,Ramon Magsaysay,
1782,Zamboanga del Sur,San Miguel,
1783,Zamboanga del Sur,San Pablo,
1784,Zamboanga del Sur,Sominot,
1785,Zamboanga del Sur,Tabina,
1786,Zamboanga del Sur,Tambulig,
1787,Zamboanga del Sur,Tigbao,
1788,Zamboanga del Sur,Tukuran,
1789,Zamboanga del Sur,Vincenzo A. Sagun,
1790,Zamboanga del Sur,Zamboanga City,
1791,Zamboanga Sibugay,Alicia,
1792,Zamboanga Sibugay,Buug,
1793,Zamboanga Sibugay,Diplahan,
1794,Zamboanga Sibugay,Imelda,
1795,Zamboanga Sibugay,Ipil,
1796,Zamboanga Sibugay,Kabasalan,
1797,Zamboanga Sibugay,Mabuhay,
1798,Zamboanga Sibugay,Malangas,
1799,Zamboanga Sibugay,Naga,
1800,Zamboanga Sibugay,Olutanga,
1801,Zamboanga Sibugay,Payao,
1802,Zamboanga Sibugay,Roseller Lim,
1803,Zamboanga Sibugay,Siay,
1804,Zamboanga Sibugay,Talusan,
1805,Zamboanga Sibugay,Titay,
1806,Zamboanga Sibugay,Tungawan,
